{
    "props": [],
    "maps": [
        {
            "name": "roundabout1",
            "path": "/Game/roundabouts/Maps/roundabout1",
            "use_carla_materials": true
        },
        {
            "name": "roundabout2",
            "path": "/Game/roundabouts/Maps/roundabout2",
            "use_carla_materials": true
        },
        {
            "name": "roundabout3",
            "path": "/Game/roundabouts/Maps/roundabout3",
            "use_carla_materials": true
        },
        {
            "name": "roundabout4",
            "path": "/Game/roundabouts/Maps/roundabout4",
            "use_carla_materials": true
        }
    ]
}