<?xml version="1.0" encoding="UTF-8"?>
<RoadRunnerMetadata Version="3">
    <SignalConfigurations/>
    <Signalization>
        <Junction>
            <ID>{8e347f89-4c1d-49dc-9c01-fcc07ffe699a}</ID>
        </Junction>
        <Junction>
            <ID>{d3fb76cc-4736-4736-a884-2e236e8f5f3f}</ID>
        </Junction>
        <Junction>
            <ID>{f35460ef-f7e1-443f-a028-72e55f274ab2}</ID>
        </Junction>
        <Junction>
            <ID>{0d65d420-5b4c-40d0-b90b-387ed0daafed}</ID>
        </Junction>
    </Signalization>
    <MaterialList>
        <Material>
            <Name>Asphalt1_Road</Name>
            <DiffuseMap>Asphalt1_Diff.png</DiffuseMap>
            <NormalMap>Asphalt1_Norm.png</NormalMap>
            <SpecularMap>Asphalt1_Spec.png</SpecularMap>
            <AmbientColor>0.200000,0.200000,0.200000</AmbientColor>
            <DiffuseColor>1.000000,1.000000,1.000000</DiffuseColor>
            <SpecularColor>0.058824,0.058824,0.058824</SpecularColor>
            <Roughness>0.150000</Roughness>
            <SpecularFactor>1.000000</SpecularFactor>
            <TransparencyFactor>0.000000</TransparencyFactor>
            <Emission>0.000000</Emission>
            <TextureScaleU>0.35</TextureScaleU>
            <TextureScaleV>0.35</TextureScaleV>
            <TwoSided>false</TwoSided>
            <DrawQueue>0</DrawQueue>
            <ShadowCaster>true</ShadowCaster>
            <IsDecal>false</IsDecal>
            <SegmentationType>Road</SegmentationType>
        </Material>
        <Material>
            <Name>Concrete1_Curb</Name>
            <DiffuseMap>Concrete1_Diff.png</DiffuseMap>
            <NormalMap>Concrete1_Norm.png</NormalMap>
            <SpecularMap>Concrete1_Spec.png</SpecularMap>
            <AmbientColor>0.200000,0.200000,0.200000</AmbientColor>
            <DiffuseColor>1.000000,1.000000,1.000000</DiffuseColor>
            <SpecularColor>0.039216,0.039216,0.039216</SpecularColor>
            <Roughness>0.200000</Roughness>
            <SpecularFactor>0.010000</SpecularFactor>
            <TransparencyFactor>0.000000</TransparencyFactor>
            <Emission>0.000000</Emission>
            <TextureScaleU>0.5</TextureScaleU>
            <TextureScaleV>0.5</TextureScaleV>
            <TwoSided>false</TwoSided>
            <DrawQueue>0</DrawQueue>
            <ShadowCaster>true</ShadowCaster>
            <IsDecal>false</IsDecal>
            <SegmentationType>Curb</SegmentationType>
        </Material>
        <Material>
            <Name>Concrete1_Gutter</Name>
            <DiffuseMap>Concrete1_Diff.png</DiffuseMap>
            <NormalMap>Concrete1_Norm.png</NormalMap>
            <SpecularMap>Concrete1_Spec.png</SpecularMap>
            <AmbientColor>0.200000,0.200000,0.200000</AmbientColor>
            <DiffuseColor>1.000000,1.000000,1.000000</DiffuseColor>
            <SpecularColor>0.039216,0.039216,0.039216</SpecularColor>
            <Roughness>0.200000</Roughness>
            <SpecularFactor>0.010000</SpecularFactor>
            <TransparencyFactor>0.000000</TransparencyFactor>
            <Emission>0.000000</Emission>
            <TextureScaleU>0.5</TextureScaleU>
            <TextureScaleV>0.5</TextureScaleV>
            <TwoSided>false</TwoSided>
            <DrawQueue>0</DrawQueue>
            <ShadowCaster>true</ShadowCaster>
            <IsDecal>false</IsDecal>
            <SegmentationType>Gutter</SegmentationType>
        </Material>
        <Material>
            <Name>Concrete1_Sidewalk</Name>
            <DiffuseMap>Concrete1_Diff.png</DiffuseMap>
            <NormalMap>Concrete1_Norm.png</NormalMap>
            <SpecularMap>Concrete1_Spec.png</SpecularMap>
            <AmbientColor>0.200000,0.200000,0.200000</AmbientColor>
            <DiffuseColor>1.000000,1.000000,1.000000</DiffuseColor>
            <SpecularColor>0.039216,0.039216,0.039216</SpecularColor>
            <Roughness>0.200000</Roughness>
            <SpecularFactor>0.010000</SpecularFactor>
            <TransparencyFactor>0.000000</TransparencyFactor>
            <Emission>0.000000</Emission>
            <TextureScaleU>0.5</TextureScaleU>
            <TextureScaleV>0.5</TextureScaleV>
            <TwoSided>false</TwoSided>
            <DrawQueue>0</DrawQueue>
            <ShadowCaster>true</ShadowCaster>
            <IsDecal>false</IsDecal>
            <SegmentationType>Sidewalk</SegmentationType>
        </Material>
        <Material>
            <Name>Grass1_Ground</Name>
            <DiffuseMap>Grass1_Diff.png</DiffuseMap>
            <NormalMap>Grass1_Norm.png</NormalMap>
            <SpecularMap>Grass1_Spec.png</SpecularMap>
            <AmbientColor>0.200000,0.200000,0.200000</AmbientColor>
            <DiffuseColor>1.000000,1.000000,1.000000</DiffuseColor>
            <SpecularColor>0.039216,0.039216,0.039216</SpecularColor>
            <Roughness>0.200000</Roughness>
            <SpecularFactor>0.010000</SpecularFactor>
            <TransparencyFactor>0.000000</TransparencyFactor>
            <Emission>0.000000</Emission>
            <TextureScaleU>0.5</TextureScaleU>
            <TextureScaleV>0.5</TextureScaleV>
            <TwoSided>false</TwoSided>
            <DrawQueue>0</DrawQueue>
            <ShadowCaster>true</ShadowCaster>
            <IsDecal>false</IsDecal>
            <SegmentationType>Ground</SegmentationType>
        </Material>
        <Material>
            <Name>LaneMarkingYellow1_Marking</Name>
            <DiffuseMap>LaneMarking1_Diff.png</DiffuseMap>
            <NormalMap>LaneMarking1_Norm.png</NormalMap>
            <SpecularMap>LaneMarking1_Spec.png</SpecularMap>
            <AmbientColor>0.200000,0.200000,0.200000</AmbientColor>
            <DiffuseColor>1.000000,0.835294,0.000000</DiffuseColor>
            <SpecularColor>0.196078,0.196078,0.196078</SpecularColor>
            <Roughness>0.100000</Roughness>
            <SpecularFactor>1.000000</SpecularFactor>
            <TransparencyFactor>0.000000</TransparencyFactor>
            <Emission>0.000000</Emission>
            <TextureScaleU>0.25</TextureScaleU>
            <TextureScaleV>0.25</TextureScaleV>
            <TwoSided>false</TwoSided>
            <DrawQueue>0</DrawQueue>
            <ShadowCaster>true</ShadowCaster>
            <IsDecal>false</IsDecal>
            <SegmentationType>Marking</SegmentationType>
        </Material>
    </MaterialList>
</RoadRunnerMetadata>
